aacid       = Albert Astals Cid  <tsdgeos@terra.es>
adridg      = Adriaan de Groot   <groot@kde.org>
amantia     = Andras Mantia      <amantia@kde.org>
arwalker    = Andrew Walker      <arwalker@sumusltd.com>
aseigo      = Aaron J. Seigo     <aseigo@kde.org>
brisset     = Nicolas Brisset    <nicolas.brisset@free.fr>
cbn         = Barth Netterfield  <netterfield@astro.utoronto.ca>
coles       = Andrew Coles       <andrew.i.coles@googlemail.com>
coolo       = Stephan Kulow      <coolo@kde.org>
cullmann    = Christoph Cullmann <cullmann@kde.org>
deller      = Helge Deller       <deller@kde.org>
dhanson     = Duncan Hanson      <duncan.hanson@gmail.com>
fawcett     = Andy Fawcett       <andy@athame.co.uk>
fenton      = Mike Fenton        <mike@staikos.net>
fidler      = Eli Fidler         <eli@staikos.net>
george      = George Staikos     <staikos@kde.org>
gunnar      = Gunnar Schmidt     <gunnar@schmi-dt.de>
hasso       = Hasso Tepper       <hasso@kde.org>
hausmann    = Simon Hausmann     <hausmann@kde.org>
helio       = Helio Castro       <helio@kde.org>
jriddell    = Jonathan Riddell   <jr@jriddell.org>
kuemmel     = Peter Kümmel       <syntheticpp@gmx.net>
marchand    = Mickael Marchand   <marchand@kde.org>
mhunter     = Malcolm Hunter     <malcolm.hunter@gmx.co.uk>
mkretz      = Matthias Kretz     <kretz@kde.org>
mlaurent    = Laurent Montel     <montel@kde.org>
mueller     = Dirk Mueller       <mueller@kde.org>
netterfield = Barth Netterfield  <netterfield@astro.utoronto.ca>
philrod     = Philip Rodrigues   <phil@kde.org>
pino        = Pino Toscano       <pino@kde.org>
rchern      = Rick Chern         <rchern@interchange.ubc.ca>
scripty     = Script Kiddy       <scripty@kde.org>
sleiber     = Sven Leiber        <s.leiber@web.de>
staikos     = George Staikos     <staikos@kde.org>
thiago      = Thiago Macieira    <thiago@kde.org>
tokoe       = Tobias Koenig      <tokoe@kde.org>
treat       = Adam Treat         <treat@kde.org>
truch       = Matthew D. Truch   <matt@truch.net>
tskisner    = Ted Kisner         <tskisner.public@gmail.com>
waba        = Waldo Bastian      <bastian@kde.org>
wiebe       = Don Wiebe          <dwiebe@physics.utoronto.ca>
wstephens   = Will Stephenson    <wstephenson@kde.org>
joshuanetterfield = Joshua Netterfield             <drmrshdw@gmail.com>
mamd              = Marc-Antoine Miville-Deschenes <mamd@cita.utoronto.ca>